City_ID,City,Lat,Lng,Max Temp,Humidity,Cloudiness,Wind Speed,Country,Date
0,constitucion,-35.3333,-72.4167,67.93,54,78,14.81,CL,1675191063
1,bathsheba,13.2167,-59.5167,83.01,61,40,17.27,BB,1675191163
2,clyde river,70.4692,-68.5914,-14.57,76,100,8.05,CA,1675191163
3,cochrane,51.1834,-114.4687,20.62,84,100,4.34,CA,1675191164
4,strezhevoy,60.7333,77.5889,-4.32,100,68,5.01,RU,1675191164
5,longyearbyen,78.2186,15.6401,17.44,62,40,19.57,SJ,1675191164
6,butaritari,3.0707,172.7902,80.06,78,27,19.89,KI,1675191014
7,ushuaia,-54.8,-68.3,55.06,58,75,14.97,AR,1675190965
8,rikitea,-23.1203,-134.9692,78.85,74,9,11.5,PF,1675191165
9,smithers,54.7804,-127.1743,16.12,92,100,4.61,CA,1675191166
10,avarua,-21.2078,-159.775,77.05,88,75,4.61,CK,1675190992
11,gao,16.6362,1.637,71.98,5,99,10.38,ML,1675191166
12,dikson,73.5069,80.5464,-3.44,91,100,9.04,RU,1675191034
13,shahe,39.2708,113.5478,16.29,55,100,7.56,CN,1675191167
14,cape town,-33.9258,18.4232,72.12,77,0,16.11,ZA,1675191167
15,hobart,-42.8794,147.3294,58.86,81,93,8.05,AU,1675191168
16,praia da vitoria,38.7333,-27.0667,59.76,77,40,10.87,PT,1675191168
17,airai,-8.9266,125.4092,60.58,94,100,1.9,TL,1675190964
18,hervey bay,-25.2986,152.8535,79.12,84,100,19.82,AU,1675191169
19,meulaboh,4.1363,96.1285,74.89,88,100,8.72,ID,1675191169
20,thompson,55.7435,-97.8558,-23.64,69,40,5.75,CA,1675191159
21,alice springs,-23.7,133.8833,72.95,100,100,0.0,AU,1675191170
22,petropavlovsk-kamchatskiy,53.0452,158.6483,-1.23,78,40,8.95,RU,1675191170
23,kruisfontein,-34.0033,24.7314,68.9,92,18,7.18,ZA,1675191171
24,jijiga,9.35,42.8,65.05,40,27,2.8,ET,1675191172
25,opovo,45.0522,20.4303,37.47,87,0,8.05,RS,1675191172
26,hilo,19.7297,-155.09,75.27,85,40,6.91,US,1675191172
27,vaini,-21.2,-175.2,80.76,89,75,11.5,TO,1675190975
28,georgetown,5.4112,100.3354,80.53,78,20,4.61,MY,1675191007
29,ovalle,-30.5983,-71.2003,83.71,40,52,10.83,CL,1675190984
30,ribeira grande,38.5167,-28.7,59.4,67,20,8.05,PT,1675191035
31,kushmurun,52.4503,64.6311,-0.35,98,55,7.7,KZ,1675191174
32,alofi,-19.0595,-169.9187,76.89,94,100,10.36,NU,1675191174
33,clearwater,27.9659,-82.8001,84.15,81,100,8.01,US,1675190921
34,burnie,-41.0667,145.9167,56.95,90,61,6.67,AU,1675191175
35,atuona,-9.8,-139.0333,78.76,74,100,24.45,PF,1675191058
36,havoysund,70.9963,24.6622,35.83,79,100,15.64,NO,1675191176
37,mitsamiouli,-11.3847,43.2844,81.39,76,2,4.18,KM,1675191176
38,taybad,34.74,60.7756,50.72,42,100,26.24,IR,1675191177
39,hassleholm,56.1591,13.7664,38.98,80,100,17.34,SE,1675191177
40,san cristobal,7.7669,-72.225,77.18,50,64,4.25,VE,1675191177
41,busselton,-33.65,115.3333,58.41,72,0,16.6,AU,1675190978
42,peniche,39.3558,-9.3811,51.12,75,1,11.61,PT,1675191178
43,port hedland,-20.3167,118.5667,82.45,78,35,5.75,AU,1675191178
44,salalah,17.0151,54.0924,75.29,60,75,5.75,OM,1675191179
45,mar del plata,-38.0023,-57.5575,79.83,76,20,11.5,AR,1675191179
46,moose factory,51.2585,-80.6094,-0.4,60,100,11.5,CA,1675191180
47,new norfolk,-42.7826,147.0587,58.5,67,94,1.01,AU,1675191181
48,dongsheng,39.8161,109.9776,13.86,43,100,12.62,CN,1675191181
49,albany,42.6001,-73.9662,29.95,57,99,1.99,US,1675191097
50,sobolevo,54.4299,31.8996,31.26,89,100,9.78,RU,1675191182
51,mayo,38.8876,-76.5119,40.21,88,100,5.01,US,1675191182
52,bluff,-46.6,168.3333,59.79,97,100,3.6,NZ,1675191183
53,bredasdorp,-34.5322,20.0403,68.34,90,30,5.17,ZA,1675191021
54,geraldton,-28.7667,114.6,72.01,88,0,8.05,AU,1675191184
55,vardo,70.3705,31.1107,31.98,93,75,21.85,NO,1675190969
56,port alfred,-33.5906,26.891,70.18,94,36,5.99,ZA,1675190935
57,iskateley,67.6803,53.1512,23.23,93,100,17.87,RU,1675191167
58,bloomfield,40.8068,-74.1854,39.63,59,100,10.36,US,1675191186
59,upernavik,72.7868,-56.1549,2.08,93,100,11.01,GL,1675191186
60,garden city,42.3256,-83.331,20.89,56,40,4.61,US,1675191111
61,tabuk,17.4189,121.4443,63.95,91,63,3.36,PH,1675191187
62,tiksi,71.6872,128.8694,-7.56,100,100,10.96,RU,1675191054
63,punta arenas,-53.15,-70.9167,59.11,47,75,29.93,CL,1675190977
64,riyadh,24.6877,46.7219,68.14,29,4,14.56,SA,1675191004
65,kirkenaer,60.4564,12.0582,18.46,94,100,2.95,NO,1675191189
66,kindersley,51.4668,-109.1682,6.82,78,75,6.91,CA,1675191189
67,fukue,32.6881,128.8419,55.38,67,100,15.61,JP,1675191190
68,sulangan,11.1373,123.7228,78.85,85,7,13.62,PH,1675191191
69,emba,48.8264,58.1442,2.8,82,0,5.84,KZ,1675191193
70,puerto escondido,15.85,-97.0667,84.78,52,0,9.28,MX,1675191194
71,concepcion,-36.827,-73.0498,71.4,46,0,13.8,CL,1675191194
72,bambous virieux,-20.3428,57.7575,80.85,83,40,4.61,MU,1675191195
73,alice town,25.7167,-79.3,75.52,71,1,7.38,BS,1675191195
74,mount isa,-20.7333,139.5,74.97,100,99,0.0,AU,1675191197
75,katsuura,35.1333,140.3,42.1,68,10,1.92,JP,1675191197
76,port hardy,50.6996,-127.4199,37.58,81,100,19.57,CA,1675191199
77,tuktoyaktuk,69.4541,-133.0374,-34.6,74,0,3.44,CA,1675191202
78,grand-santi,4.25,-54.3833,79.25,89,98,3.31,GF,1675191205
79,tazovskiy,67.4667,78.7,-10.53,99,68,8.08,RU,1675191206
80,adrar,20.5022,-10.0711,69.98,9,100,7.09,MR,1675191207
81,mataura,-46.1927,168.8643,60.08,100,100,0.58,NZ,1675191207
82,ochakiv,46.6128,31.5498,30.87,91,91,10.27,UA,1675191208
83,saint-joseph,-21.3667,55.6167,79.18,79,100,7.18,RE,1675191209
84,port lincoln,-34.7333,135.8667,64.11,62,98,5.79,AU,1675191150
85,vila velha,-20.3297,-40.2925,84.15,73,40,17.27,BR,1675191209
86,kem,64.9555,34.5793,23.22,92,100,10.98,RU,1675191210
87,panjab,34.388,67.0233,12.72,98,100,3.53,AF,1675191130
88,broome,42.2506,-75.833,28.47,62,100,12.66,US,1675191210
89,kodiak,57.79,-152.4072,36.91,93,100,9.22,US,1675191211
90,beringovskiy,63.05,179.3167,26.19,94,59,12.53,RU,1675191211
91,wanning,18.8003,110.3967,66.87,92,15,0.83,CN,1675191212
92,mount pleasant,32.7941,-79.8626,71.58,91,75,6.91,US,1675191070
93,east london,-33.0153,27.9116,74.34,88,75,14.97,ZA,1675191213
94,tasiilaq,65.6145,-37.6368,10.56,82,100,6.91,GL,1675191213
95,codrington,-38.2667,141.9667,58.59,76,100,8.01,AU,1675191213
96,lorengau,-2.0226,147.2712,80.24,80,100,7.72,PG,1675191214
97,kommunar,59.6206,30.39,31.55,95,100,8.57,RU,1675191214
98,beya,53.0533,90.9139,3.92,92,73,4.88,RU,1675191215
99,bambanglipuro,-7.95,110.2833,77.09,89,100,4.63,ID,1675191215
100,yellowknife,62.456,-114.3525,-26.88,68,75,8.05,CA,1675191216
101,sao joao da barra,-21.6403,-41.0511,86.09,80,89,16.28,BR,1675191216
102,bengkulu,-3.8004,102.2655,74.17,93,100,5.41,ID,1675191010
103,teguise,29.0605,-13.564,61.02,45,0,14.97,ES,1675191218
104,iqaluit,63.7506,-68.5145,-15.07,64,100,19.57,CA,1675191218
105,novyy urengoy,66.0833,76.6333,-1.91,98,90,10.36,RU,1675191219
106,padang,-0.9492,100.3543,77.05,89,100,4.79,ID,1675191082
107,jamestown,42.097,-79.2353,20.84,68,100,3.44,US,1675191000
108,saint-philippe,-21.3585,55.7679,80.19,79,100,7.96,RE,1675191009
109,tura,25.5198,90.2201,62.69,54,100,1.52,IN,1675190945
110,sandwick,60.0,-1.25,44.42,70,40,31.07,GB,1675191221
111,hambantota,6.1241,81.1185,75.54,100,40,2.3,LK,1675191222
112,takoradi,4.8845,-1.7554,80.74,78,100,8.01,GH,1675190990
113,yar-sale,66.8333,70.8333,8.74,91,100,14.72,RU,1675191050
114,varhaug,58.6147,5.6457,40.89,80,97,30.74,NO,1675191223
115,victoria,22.2855,114.1577,66.94,78,91,5.99,HK,1675191223
116,faanui,-16.4833,-151.75,80.87,76,20,14.34,PF,1675191223
117,kaoma,-14.7833,24.8,65.26,97,100,7.94,ZM,1675191224
118,lebu,-37.6167,-73.65,61.75,64,0,17.92,CL,1675190980
119,carnarvon,-24.8667,113.6333,75.4,84,1,18.61,AU,1675191224
120,vila franca do campo,37.7167,-25.4333,57.61,80,44,9.93,PT,1675191225
121,hermanus,-34.4187,19.2345,69.8,79,38,11.72,ZA,1675191225
122,leszno,51.8403,16.5749,40.01,96,100,22.26,PL,1675191225
123,maryborough,-25.5333,152.7,77.41,82,100,8.19,AU,1675191226
124,peleduy,59.6289,112.7406,0.32,95,100,8.39,RU,1675191226
125,luderitz,-26.6481,15.1594,63.05,90,0,8.75,NA,1675191227
126,gamba,-2.65,10.0,77.94,82,33,7.9,GA,1675191227
127,pangnirtung,66.1451,-65.7125,-31.0,68,40,5.75,CA,1675191227
128,taoudenni,22.6783,-3.9836,63.82,14,60,11.01,ML,1675191228
129,sistranda,63.7256,8.834,28.36,66,100,11.41,NO,1675191229
130,anadyr,64.75,177.4833,25.3,85,100,29.08,RU,1675191229
131,voyvozh,62.892,54.9635,24.44,92,100,12.15,RU,1675191229
132,chifeng,42.2683,118.9636,14.56,42,0,24.49,CN,1675191230
133,zhangzhou,24.5133,117.6556,57.13,65,100,0.78,CN,1675191230
134,lasa,46.6166,10.7002,41.88,60,85,7.65,IT,1675191043
135,ampanihy,-24.7,44.75,68.16,73,2,14.27,MG,1675191231
136,mahon,39.8885,4.2658,48.76,71,40,9.22,ES,1675191099
137,pevek,69.7008,170.3133,13.51,77,0,10.27,RU,1675191103
138,roma,43.2128,-75.4557,24.51,55,100,6.91,US,1675191124
139,laramie,41.3114,-105.5911,25.54,45,0,23.02,US,1675190982
140,khatanga,71.9667,102.5,-42.56,100,75,5.12,RU,1675190971
141,souillac,-20.5167,57.5167,80.98,83,40,4.61,MU,1675191232
142,la palma,33.8464,-118.0467,64.35,42,20,4.61,US,1675191120
143,nerchinskiy zavod,51.3088,119.61,-14.24,99,99,3.15,RU,1675191233
144,benguela,-12.5763,13.4055,78.67,78,84,8.03,AO,1675191233
145,arraial do cabo,-22.9661,-42.0278,87.76,58,0,20.71,BR,1675191234
146,kahului,20.8947,-156.47,79.84,85,40,6.91,US,1675191234
147,nikolskoye,59.7035,30.7861,31.91,96,100,6.71,RU,1675191023
148,gushi,34.6425,109.5843,40.6,30,97,1.68,CN,1675191235
149,gualaquiza,-3.4,-78.55,77.9,54,100,3.56,EC,1675191235
150,thinadhoo,0.5333,72.9333,81.21,75,5,10.22,MV,1675191236
151,porto novo,6.4965,2.6036,82.22,78,86,7.87,BJ,1675191236
152,college,64.8569,-147.8028,19.35,80,100,4.61,US,1675191236
153,soyo,-6.1349,12.3689,80.1,81,8,7.45,AO,1675191237
154,reconquista,-29.15,-59.65,103.42,13,0,7.9,AR,1675191237
155,hithadhoo,-0.6,73.0833,81.32,76,25,10.4,MV,1675191238
156,letlhakane,-21.4167,25.5833,78.71,48,81,6.35,BW,1675191238
157,puerto ayora,-0.7393,-90.3518,84.16,90,69,5.01,EC,1675190959
158,nacala,-14.5428,40.6728,77.09,89,96,2.8,MZ,1675191239
159,wamba,8.9333,8.6,83.93,23,55,2.48,NG,1675191240
160,lazarev,52.225,141.5131,-16.44,96,11,4.85,RU,1675191241
161,hasaki,35.7333,140.8333,28.8,54,58,4.9,JP,1675191242
162,tukrah,32.5341,20.5791,58.5,59,53,26.71,LY,1675191242
163,rio gallegos,-51.6226,-69.2181,68.05,26,0,19.57,AR,1675191243
164,husavik,66.0449,-17.3389,28.96,93,100,20.98,IS,1675191025
165,baracoa,20.3467,-74.4958,80.55,64,94,12.06,CU,1675191244
166,viedma,-40.8135,-62.9967,71.51,43,3,16.51,AR,1675191113
167,castro,-24.7911,-50.0119,65.86,98,100,6.29,BR,1675191245
168,poli,-3.3333,36.8,73.67,53,40,5.75,TZ,1675191246
169,doha,25.2867,51.5333,67.98,80,0,18.41,QA,1675191246
170,lubumbashi,-11.6609,27.4794,64.63,94,100,3.11,CD,1675191247
171,kapaa,22.0752,-159.319,71.19,94,0,3.44,US,1675191248
172,ancud,-41.8697,-73.8203,63.9,55,0,9.93,CL,1675191249
173,butembo,0.15,29.2833,63.41,51,59,2.93,CD,1675191250
174,qaanaaq,77.484,-69.3632,-5.64,49,98,8.21,GL,1675191040
175,saskylakh,71.9167,114.0833,-31.04,98,100,5.75,RU,1675191251
176,oranjemund,-28.55,16.4333,64.15,94,0,5.73,NA,1675191252
177,teya,60.3778,92.6267,-4.29,100,100,3.51,RU,1675191252
178,port blair,11.6667,92.75,80.64,78,40,3.44,IN,1675191254
179,mahebourg,-20.4081,57.7,80.89,83,40,4.61,MU,1675191255
180,kaka,37.3482,59.6143,51.71,46,100,3.58,TM,1675191255
181,mezhgorye,44.9667,34.4167,32.85,83,100,4.03,UA,1675191256
182,namibe,-15.1961,12.1522,72.68,79,97,4.85,AO,1675191256
183,kaitangata,-46.2817,169.8464,61.59,99,100,1.39,NZ,1675190968
184,manggar,-2.8833,108.2667,77.99,88,100,10.92,ID,1675191257
185,koungou,-12.7336,45.2042,82.11,78,0,8.05,YT,1675191257
186,barrow,71.2906,-156.7887,-9.38,77,0,21.85,US,1675191053
187,cidreira,-30.1811,-50.2056,79.5,77,3,9.91,BR,1675191258
188,lipari,38.4674,14.954,56.1,44,0,18.52,IT,1675191259
189,honolulu,21.3069,-157.8583,75.02,92,40,10.36,US,1675191209
190,naushki,50.3828,106.1056,-17.86,100,32,2.91,RU,1675191260
191,sao filipe,14.8961,-24.4956,72.3,68,83,8.52,CV,1675191050
192,itapolis,-21.5956,-48.8128,83.44,60,100,6.46,BR,1675191261
193,tateyama,34.9833,139.8667,43.23,70,20,2.55,JP,1675191262
194,maniitsoq,65.4167,-52.9,4.46,74,100,8.75,GL,1675191263
195,kagalnitskaya,46.8806,40.1466,38.14,96,100,5.59,RU,1675191264
196,gizo,-8.103,156.8419,82.02,77,100,7.72,SB,1675191265
197,coquimbo,-29.9533,-71.3436,73.13,64,0,13.8,CL,1675191265
198,bodden town,19.2833,-81.25,86.0,66,20,16.11,KY,1675191266
199,flinders,-34.5833,150.8552,65.37,86,59,10.78,AU,1675191266
200,black river,18.0264,-77.8487,84.0,60,8,12.19,JM,1675191268
201,kurilsk,45.2333,147.8833,21.36,64,100,11.72,RU,1675191268
202,amilly,47.9728,2.7719,43.05,92,100,8.12,FR,1675191269
203,vazante,-17.9869,-46.9078,82.27,60,99,4.68,BR,1675191269
204,knyaze-volkonskoye,48.4642,135.4567,1.74,98,100,4.97,RU,1675191269
205,narsaq,60.9167,-46.05,21.42,91,100,0.31,GL,1675191270
206,grand gaube,-20.0064,57.6608,81.0,84,70,15.35,MU,1675191270
207,ossora,59.2353,163.0719,19.99,96,100,4.36,RU,1675191271
208,zhangye,38.9342,100.4517,17.67,61,1,4.74,CN,1675191271
209,cantavir,45.9219,19.7627,35.51,81,94,7.34,RS,1675191271
210,silver city,32.7701,-108.2803,53.56,22,0,18.41,US,1675191024
211,darhan,49.4867,105.9228,-10.73,94,7,6.17,MN,1675191272
212,arlit,18.7369,7.3853,73.35,4,100,9.01,NE,1675191272
213,manono,-7.3,27.4167,71.04,90,11,2.91,CD,1675191273
214,alta floresta,-9.8756,-56.0861,82.36,72,32,1.66,BR,1675191273
215,amapa,1.0,-52.0,80.65,85,32,3.2,BR,1675191274
216,bam,29.106,58.357,56.26,46,1,9.93,IR,1675191274
217,san patricio,28.017,-97.5169,42.66,79,100,13.62,US,1675190997
218,ngunguru,-35.6167,174.5,69.04,94,100,7.92,NZ,1675191275
219,nawa,27.0167,75.0,55.81,51,0,5.5,IN,1675191275
220,sayyan,15.1718,44.3244,57.49,49,10,0.54,YE,1675191276
221,mardin,37.3131,40.7436,37.33,91,100,2.93,TR,1675191276
222,aleksandriya,45.0947,43.2456,40.77,68,100,9.78,RU,1675191276
223,ambon,-3.6954,128.1814,77.14,94,20,3.44,ID,1675191277
224,peredovaya,44.1172,41.4756,33.89,84,98,1.52,RU,1675191277
225,inta,66.0317,60.1659,18.68,83,100,10.22,RU,1675191278
226,ypsilanti,42.2412,-83.613,20.64,60,75,9.22,US,1675191278
227,rolla,37.9514,-91.7713,21.06,63,0,5.99,US,1675191279
228,port-gentil,-0.7193,8.7815,80.56,78,20,5.75,GA,1675191279
229,khandyga,62.6667,135.6,-30.06,98,100,1.99,RU,1675191280
230,khani,41.9563,42.9566,33.37,76,100,1.57,GE,1675191280
231,manitouwadge,49.1215,-85.8403,8.44,81,86,12.21,CA,1675191280
232,salamanca,40.8333,-6.0,36.75,75,3,6.08,ES,1675191281
233,aligudarz,33.4006,49.6949,30.25,93,91,4.41,IR,1675191281
234,vostok,46.4856,135.8833,-5.13,96,100,3.49,RU,1675191282
235,ahipara,-35.1667,173.1667,67.46,96,100,6.42,NZ,1675191283
236,lompoc,34.6391,-120.4579,60.85,58,0,4.61,US,1675191283
237,vestmanna,62.1564,-7.1664,40.12,87,75,17.27,FO,1675191284
238,ginda,30.6945,78.4932,39.97,32,0,9.17,IN,1675191284
239,vestmannaeyjar,63.4427,-20.2734,32.99,69,40,21.85,IS,1675191285
240,evans,33.5337,-82.1307,68.38,67,100,7.0,US,1675191169
241,ahuimanu,21.4447,-157.8378,74.91,90,100,10.36,US,1675191286
242,boffa,10.1667,-14.0333,78.93,60,11,7.0,GN,1675191286
243,bethel,41.3712,-73.414,37.76,65,87,1.99,US,1675191286
244,ponta do sol,32.6667,-17.1,59.72,66,38,6.67,PT,1675191287
245,san quintin,30.4833,-115.95,57.15,57,0,4.76,MX,1675191287
246,puerto castilla,16.0167,-85.9667,84.15,61,75,5.75,HN,1675191288
247,singaparna,-7.3515,108.111,71.73,92,100,2.3,ID,1675191288
248,wolow,51.3366,16.6443,40.12,96,100,21.88,PL,1675191289
249,chokurdakh,70.6333,147.9167,2.44,97,100,3.22,RU,1675191289
250,lewiston,44.1003,-70.2148,30.34,50,90,5.99,US,1675191096
251,bonfim,3.0833,-59.95,91.35,32,87,4.45,BR,1675191290
252,fomboni,-12.28,43.7425,82.54,72,10,5.82,KM,1675191290
253,baykit,61.67,96.37,-0.67,99,100,1.23,RU,1675191194
254,severo-kurilsk,50.6789,156.125,21.15,63,88,6.04,RU,1675191291
255,sangar,63.9242,127.4739,-33.48,94,100,4.41,RU,1675191291
256,sitka,57.0531,-135.33,40.89,70,100,9.22,US,1675191292
257,samarai,-10.6167,150.6667,80.76,81,96,5.88,PG,1675191292
258,seoul,37.5683,126.9778,38.8,87,75,3.44,KR,1675191272
259,kantunilkin,21.0917,-87.45,83.08,56,93,6.49,MX,1675191293
260,sibu,2.3,111.8167,73.71,100,40,3.44,MY,1675191293
261,kitakata,37.65,139.8667,25.61,83,83,1.59,JP,1675191293
262,wattegama,6.7989,81.4808,71.38,89,100,2.55,LK,1675191294
263,russkiy kameshkir,52.8589,46.0892,26.73,95,100,12.01,RU,1675191294
264,ileza,61.0533,43.9002,28.38,92,100,14.5,RU,1675191295
265,isangel,-19.55,169.2667,79.3,80,100,2.91,VU,1675191295
266,klaksvik,62.2266,-6.589,41.92,94,100,24.34,FO,1675191296
267,wuwei,37.9281,102.6414,23.18,35,13,3.18,CN,1675191296
268,richards bay,-28.783,32.0377,74.53,89,100,9.66,ZA,1675191177
269,oistins,13.0667,-59.5333,82.49,61,40,17.27,BB,1675191297
270,medea,36.2642,2.7539,38.01,68,0,2.15,DZ,1675191298
271,najran,17.4924,44.1277,68.65,24,45,2.48,SA,1675191298
272,marsa matruh,31.3525,27.2453,57.4,62,40,17.27,EG,1675191298
273,lappeenranta,61.0587,28.1887,26.55,86,100,5.75,FI,1675191299
274,iaciara,-14.0958,-46.6317,86.61,48,38,2.84,BR,1675191299
275,kawalu,-7.3817,108.2082,72.57,94,100,2.1,ID,1675191300
276,altoona,40.5187,-78.3947,31.55,75,100,1.99,US,1675191047
277,lakes entrance,-37.8811,147.981,62.17,88,99,4.85,AU,1675191301
278,comodoro rivadavia,-45.8667,-67.5,73.26,31,20,24.16,AR,1675191050
279,waingapu,-9.6567,120.2641,79.11,81,96,6.11,ID,1675191148
280,clinton,42.587,-82.9199,20.97,62,100,3.0,US,1675191023
281,tabou,4.423,-7.3528,80.31,81,6,6.13,CI,1675191302
282,pacific grove,36.6177,-121.9166,55.49,41,0,14.0,US,1675191042
283,nelson bay,-32.7167,152.15,71.1,84,100,8.99,AU,1675191304
284,askiz,53.1319,90.5264,0.72,97,45,2.86,RU,1675191305
285,ilulissat,69.2167,-51.1,8.62,72,75,17.27,GL,1675191305
286,leningradskiy,69.3833,178.4167,2.57,96,100,5.17,RU,1675191306
287,kaseda,31.4167,130.3167,55.96,64,79,9.71,JP,1675191307
288,muzhi,65.3667,64.6667,13.21,94,100,11.36,RU,1675191308
289,namatanai,-3.6667,152.4333,78.87,81,60,2.62,PG,1675191076
290,tromso,69.6496,18.957,28.42,100,75,3.44,NO,1675191310
291,aracuai,-16.8497,-42.0703,84.43,59,12,2.39,BR,1675191150
292,great falls,47.5002,-111.3008,29.41,61,0,24.16,US,1675191311
293,klyuchevskiy,53.5317,119.4519,-11.2,96,98,3.78,RU,1675191311
294,khetri,27.9833,75.8,52.05,63,0,5.88,IN,1675191312
295,sakakah,29.9697,40.2064,56.77,51,0,7.96,SA,1675191314
296,caravelas,-17.7125,-39.2481,82.58,64,6,8.95,BR,1675191060
297,znamenskoye,57.1281,73.8282,-0.63,98,39,4.34,RU,1675191315
298,chabahar,25.2919,60.643,69.12,58,0,7.11,IR,1675191315
299,southbridge,42.0751,-72.0334,37.51,54,100,3.0,US,1675191316
300,brokopondo,4.75,-55.1667,79.32,79,80,7.78,SR,1675191317
301,kudahuvadhoo,2.6708,72.8944,80.11,73,100,9.48,MV,1675191317
302,sola,-13.8833,167.55,80.6,75,93,6.51,VU,1675191318
303,nola,40.922,14.5329,48.92,70,1,3.94,IT,1675191318
304,svetlogorsk,52.6333,29.7333,31.19,93,99,8.28,BY,1675191319
305,ketchikan,55.3422,-131.6461,39.18,87,100,14.97,US,1675191319
306,bismarck,46.8083,-100.7837,8.65,68,75,5.75,US,1675191115
307,nouadhibou,20.931,-17.0347,69.78,52,90,17.27,MR,1675191279
308,krasnoarmeysk,51.0239,45.6969,23.34,92,100,5.97,RU,1675191321
309,pisco,-13.7,-76.2167,78.85,69,0,8.05,PE,1675191321
310,tuatapere,-46.1333,167.6833,60.84,97,100,3.27,NZ,1675191322
311,hami,42.8,93.45,26.83,31,100,1.12,CN,1675191323
312,saint albans,51.75,-0.3333,48.4,71,20,13.8,GB,1675191324
313,quang ngai,15.1167,108.8,64.98,93,27,3.6,VN,1675191324
314,caronport,50.4501,-105.8179,7.0,90,100,0.92,CA,1675191325
315,portland,45.5234,-122.6762,38.46,63,75,3.44,US,1675191318
316,collie,-33.3667,116.15,55.87,76,0,11.72,AU,1675191326
317,nicoya,10.1483,-85.452,92.93,34,57,11.36,CR,1675191294
318,puerto madero,14.7208,-92.4215,91.6,40,0,5.75,MX,1675191327
319,gari,59.4307,62.3497,23.07,90,100,11.65,RU,1675191328
320,cabo san lucas,22.8909,-109.9124,73.51,63,78,1.99,MX,1675191048
321,dunedin,-45.8742,170.5036,59.81,64,100,3.67,NZ,1675191110
322,juneau,58.3019,-134.4197,34.11,94,100,0.0,US,1675191329
323,arrifes,37.7667,-25.7,55.65,72,40,6.91,PT,1675191330
324,torbay,47.6666,-52.7314,35.28,87,75,12.66,CA,1675191330
325,mogadishu,2.0371,45.3438,76.71,78,4,19.53,SO,1675191266
326,port elizabeth,-33.918,25.5701,72.32,96,40,18.41,ZA,1675191178
327,nurota,40.5614,65.6886,43.97,62,100,8.97,UZ,1675191159
328,quatre cocos,-20.2078,57.7625,80.71,85,92,14.09,MU,1675191331
329,taitung,22.7583,121.1444,62.44,64,45,5.82,TW,1675191332
330,touros,-5.1989,-35.4608,83.16,69,99,15.93,BR,1675191332
331,rio grande,-32.035,-52.0986,91.51,61,0,12.82,BR,1675191210
332,hvolsvollur,63.7533,-20.2243,32.67,72,100,12.84,IS,1675191333
333,asyut,27.181,31.1837,57.38,45,0,7.78,EG,1675191333
334,nome,64.5011,-165.4064,15.87,100,100,0.0,US,1675191334
335,chuy,-33.6971,-53.4616,81.21,61,34,12.95,UY,1675191334
336,guerrero negro,27.9769,-114.0611,60.39,54,56,8.08,MX,1675191335
337,asau,46.4333,26.4,32.92,96,87,4.25,RO,1675191335
338,urucara,-2.5364,-57.76,79.74,90,99,3.69,BR,1675191335
339,kui buri,12.0828,99.8543,71.47,52,85,3.71,TH,1675191336
340,tooele,40.5308,-112.2983,19.22,51,0,3.44,US,1675191310
341,saint anthony,45.0205,-93.218,9.0,64,100,9.22,US,1675191206
342,xiongzhou,25.1167,114.3,54.1,81,8,2.98,CN,1675191337
343,san vicente,-26.6167,-54.1333,77.41,76,25,3.83,AR,1675191337
344,luena,-11.7833,19.9167,60.48,93,98,1.72,AO,1675191337
345,bandarbeyla,9.4942,50.8122,75.25,75,41,17.81,SO,1675191302
346,saldanha,-33.0117,17.9442,71.65,96,31,13.42,ZA,1675191338
347,loei,17.4167,101.5,54.12,46,6,2.89,TH,1675191339
348,tuchkovo,55.6011,36.4681,31.8,96,100,9.01,RU,1675191339
349,camacha,33.0833,-16.3333,56.62,67,40,16.11,PT,1675191340
350,cabo rojo,18.0866,-67.1457,85.24,59,41,4.0,PR,1675191185
351,wellington,-41.2866,174.7756,65.86,88,20,2.3,NZ,1675191310
352,kailua,21.4022,-157.7394,75.18,88,100,10.36,US,1675191341
353,phetchabun,16.25,101.0833,68.13,42,6,3.31,TH,1675191342
354,lensk,60.7253,114.9278,-7.56,96,100,6.71,RU,1675191342
355,provideniya,64.3833,-173.3,16.54,100,61,1.83,RU,1675191343
356,tutoia,-2.7619,-42.2744,81.21,80,98,10.98,BR,1675191343
357,shimoda,34.6667,138.95,40.53,72,2,9.95,JP,1675191344
358,moron,-34.6534,-58.6198,89.8,61,0,8.97,AR,1675191344
359,narragansett,41.4501,-71.4495,41.86,55,75,10.36,US,1675191344
360,rock sound,24.9,-76.2,76.44,69,49,9.06,BS,1675191345
361,tagusao,9.1924,117.8141,77.31,88,46,10.13,PH,1675191345
362,morales,2.757,-76.6172,70.57,76,78,3.51,CO,1675191346
363,pyinmana,19.7333,96.2167,67.77,51,4,4.0,MM,1675191346
364,high level,58.5169,-117.136,-2.09,92,100,0.0,CA,1675191311
365,batagay-alyta,67.8006,130.4114,-11.69,99,100,2.3,RU,1675191347
366,itarema,-2.9248,-39.9167,82.94,70,98,14.45,BR,1675191347
367,esperance,-33.8667,121.9,62.38,74,100,13.71,AU,1675191348
368,saint george,37.1041,-113.5841,35.44,35,0,5.01,US,1675191241
369,rawson,-43.3002,-65.1023,65.82,45,0,16.8,AR,1675191348
370,hamilton,39.1834,-84.5333,28.72,74,100,6.91,US,1675191051
371,payo,-3.7508,103.6372,72.86,98,99,2.77,ID,1675191349
372,kozhva,65.1073,57.0459,24.58,92,100,14.2,RU,1675191349
373,puerto carreno,6.189,-67.4859,89.58,40,20,12.66,CO,1675191350
374,haimen,23.1935,116.6142,58.89,76,100,5.75,CN,1675191350
375,poum,-20.2333,164.0167,77.85,69,72,2.3,NC,1675191195
376,kargasok,59.0556,80.8572,-2.18,99,61,5.7,RU,1675191351
377,mtambile,-5.3833,39.7,77.92,78,66,8.61,TZ,1675191351
378,filingue,14.3521,3.3168,80.2,4,100,9.33,NE,1675191352
379,khasan,42.4308,130.6434,17.85,94,100,4.43,RU,1675191353
380,catamarca,-28.4696,-65.7852,94.77,42,17,5.99,AR,1675191353
381,derzhavinsk,51.1,66.3167,-7.47,97,9,5.01,KZ,1675191353
382,luanda,-8.8368,13.2343,82.4,78,75,9.22,AO,1675191354
383,kathu,7.9178,98.3332,76.82,81,84,11.12,TH,1675191354
384,pemba,-12.974,40.5178,79.5,83,20,5.99,MZ,1675191355
385,enid,36.3956,-97.8784,24.03,49,75,8.05,US,1675191355
386,staryy nadym,65.6118,72.6842,5.7,92,100,16.2,RU,1675191356
387,kribi,2.95,9.9167,80.37,79,97,8.61,CM,1675191356
388,arteaga,18.4667,-102.4167,81.72,34,0,4.7,MX,1675191357
389,pemangkat,1.1667,108.9667,75.76,92,100,7.07,ID,1675191357
390,ballinasloe,53.3275,-8.2194,43.77,76,91,16.44,IE,1675191357
391,miri,4.4148,114.0089,75.34,94,20,2.3,MY,1675191358
392,payson,40.0444,-111.7321,19.45,67,20,3.44,US,1675191358
393,north bend,43.4065,-124.2243,42.08,69,0,8.05,US,1675191359
394,jatai,-17.8814,-51.7144,81.48,62,59,7.78,BR,1675191359
395,aklavik,68.2191,-135.0107,-33.23,100,20,2.28,CA,1675191360
396,saint-pierre,-21.3393,55.4781,80.28,74,0,5.75,RE,1675191079
397,englewood,39.6478,-104.9878,37.87,53,20,9.22,US,1675191307
398,elizabeth city,36.2946,-76.2511,56.05,94,100,0.0,US,1675191360
399,honghu,29.8206,113.4621,54.21,42,0,3.91,CN,1675191361
400,barabai,-2.5833,115.3833,74.52,98,100,1.3,ID,1675191361
401,balsas,-7.5325,-46.0356,89.85,45,66,3.58,BR,1675191362
402,tehachapi,35.1322,-118.449,46.4,22,0,11.01,US,1675191362
403,mawlaik,23.6333,94.4167,64.2,68,34,0.81,MM,1675191363
404,san isidro,-12.1167,-77.05,74.79,73,0,14.97,PE,1675191364
405,martapura,-3.4167,114.85,77.09,100,100,4.61,ID,1675191364
406,muroto,33.2833,134.15,47.21,61,1,5.61,JP,1675191365
407,sinnamary,5.3833,-52.95,78.71,80,47,7.27,GF,1675191365
408,neuquen,-38.9516,-68.0591,69.69,52,75,4.61,AR,1675191259
409,biak,-0.9131,122.8766,75.51,89,75,4.09,ID,1675191366
410,lata,40.1629,-8.3327,50.81,76,4,1.88,PT,1675191367
411,mingguang,32.7802,117.9638,46.49,51,92,7.34,CN,1675191368
412,suhbaatar,50.2314,106.2078,-18.74,99,42,2.06,MN,1675191368
413,mabaruma,8.2,-59.7833,86.0,54,40,6.91,GY,1675191369
414,baikunthpur,23.25,82.55,57.69,66,0,6.38,IN,1675191370
415,pontianak,-0.0333,109.3333,75.18,94,75,0.0,ID,1675191370
416,bilma,18.6853,12.9164,68.13,17,100,11.34,NE,1675191371
417,luganville,-15.5333,167.1667,76.73,85,84,2.51,VU,1675191371
418,kavieng,-2.5744,150.7967,81.57,76,100,8.43,PG,1675191372
419,haines junction,60.7522,-137.5108,19.04,96,100,1.45,CA,1675191373
420,panacan,9.2463,118.4082,77.72,88,32,9.93,PH,1675191373
421,wajima,37.4,136.9,43.57,81,99,24.07,JP,1675191374
422,camapua,-19.5314,-54.0439,82.44,71,100,7.96,BR,1675191374
423,south sioux city,42.4739,-96.4136,13.78,58,0,8.05,US,1675191375
424,bor,56.3567,44.0669,28.33,91,93,10.76,RU,1675191376
425,tautira,-17.7333,-149.15,80.62,76,37,15.88,PF,1675191376
426,erzin,36.9559,36.2,45.95,86,43,4.63,TR,1675191377
427,surt,31.2089,16.5887,58.19,68,65,21.61,LY,1675191378
428,belaya gora,68.5333,146.4167,-7.17,99,100,2.93,RU,1675191378
429,kaeo,-35.1,173.7833,72.32,93,100,5.21,NZ,1675191379
430,nara,34.6851,135.8049,34.3,63,4,3.67,JP,1675191379
431,caucaia,-3.7361,-38.6531,84.15,74,0,12.66,BR,1675191380
432,dalbandin,28.8947,64.4101,56.43,33,0,5.23,PK,1675191380
433,noamundi,22.15,85.5333,66.45,35,100,3.29,IN,1675191381
434,chumikan,54.7183,135.315,-14.91,88,50,19.95,RU,1675191381
435,arkhipo-osipovka,44.37,38.52,39.74,92,100,7.29,RU,1675191382
436,aksarka,66.5606,67.7975,10.15,93,100,12.82,RU,1675191383
437,carutapera,-1.195,-46.02,80.11,83,85,6.33,BR,1675191384
438,acapulco,16.8634,-99.8901,85.82,62,20,5.75,MX,1675191138
439,youhao,47.8667,128.8333,-5.1,100,100,1.59,CN,1675191385
440,solnechnyy,50.7214,136.6319,-15.95,98,20,3.29,RU,1675191386
441,carmen,18.6333,-91.8333,82.44,65,40,11.5,MX,1675191387
442,iquique,-20.2208,-70.1431,74.8,75,100,3.96,CL,1675191387
443,vaitape,-16.5167,-151.75,80.83,76,20,14.34,PF,1675191388
444,polewali,-3.4324,119.3435,76.41,92,100,2.48,ID,1675191388
445,ca mau,9.1769,105.15,74.35,76,100,1.95,VN,1675191389
446,los llanos de aridane,28.6585,-17.9182,58.75,74,75,10.36,ES,1675191389
447,shu,43.5983,73.7614,25.63,87,100,4.36,KZ,1675191390
448,birjand,32.8663,59.2211,43.27,61,100,19.57,IR,1675191390
449,tanout,14.9709,8.8879,75.07,9,5,12.59,NE,1675191391
450,xuddur,4.1213,43.8894,77.4,30,5,10.11,SO,1675191198
451,port hawkesbury,45.6169,-61.3485,29.79,94,100,3.44,CA,1675191391
452,alma,48.5501,-71.6491,5.11,55,72,4.41,CA,1675191353
453,saryozek,44.3583,77.9753,15.39,72,96,4.9,KZ,1675191392
454,astakos,38.5356,21.0814,45.88,64,2,7.63,GR,1675191179
455,krasnokamensk,50.0979,118.0369,-13.68,87,3,6.33,RU,1675191393
456,antofagasta,-23.65,-70.4,72.68,69,73,7.92,CL,1675191393
457,guarapari,-20.6667,-40.4975,82.89,77,85,16.44,BR,1675191393
458,changde,29.0464,111.6783,50.56,44,0,6.64,CN,1675191394
459,isiro,2.7739,27.616,73.92,36,5,3.04,CD,1675191394
460,pocao de pedras,-4.6667,-44.85,79.3,91,100,3.8,BR,1675191395
461,lodja,-3.4833,23.4333,71.24,88,20,3.62,CD,1675191395
462,wagar,16.1525,36.2032,82.94,22,42,9.22,SD,1675191396
463,laguna,38.421,-121.4238,52.77,53,0,9.22,US,1675191232
464,weligama,5.9667,80.4167,74.14,88,100,7.38,LK,1675191396
465,loandjili,-4.7561,11.8578,82.51,78,20,5.75,CG,1675191397
466,severnyy,50.677,36.5532,30.24,74,75,8.95,RU,1675191397
467,bandundu,-3.3167,17.3667,76.62,73,15,2.01,CD,1675191397
468,zhigansk,66.7697,123.3711,-27.04,97,100,5.46,RU,1675191398
469,albuquerque,35.0845,-106.6511,49.48,40,40,5.75,US,1675191398
470,berlevag,70.8578,29.0864,32.0,86,100,16.11,NO,1675191399
471,palana,59.1167,159.9667,12.4,92,100,11.61,RU,1675191399
472,zhezkazgan,47.8043,67.7144,-1.88,100,63,5.99,KZ,1675191400
473,parfino,57.9731,31.6481,26.62,92,57,8.19,RU,1675191400
474,vanavara,60.34,102.2797,-14.91,100,100,3.33,RU,1675191401
475,naze,28.3667,129.4833,49.12,68,0,7.27,JP,1675191401
476,vallenar,-28.5708,-70.7581,86.54,27,6,12.66,CL,1675191402
477,mokhsogollokh,61.4681,128.9203,-30.98,93,99,7.65,RU,1675191402
478,kropotkin,45.4375,40.5756,40.33,71,100,3.83,RU,1675191402
479,cerqueira cesar,-23.0356,-49.1661,72.73,79,100,7.54,BR,1675191403
480,kushima,31.4583,131.2333,45.66,79,18,4.12,JP,1675191403
481,majalgaon,19.15,76.2333,74.05,45,65,9.31,IN,1675191404
482,mubi,10.2676,13.2644,82.18,15,100,6.53,NG,1675191404
483,tapes,-30.6733,-51.3958,82.78,63,67,8.9,BR,1675191404
484,skibbereen,51.55,-9.2667,49.1,75,100,14.7,IE,1675191405
485,cabedelo,-6.9811,-34.8339,86.67,65,59,13.69,BR,1675191405
486,monte san pietro,44.4378,11.1357,41.68,83,0,1.14,IT,1675191406
487,dodoma,-6.1722,35.7395,73.31,68,20,11.5,TZ,1675191406
488,kalemie,-5.9475,29.1947,72.03,77,10,1.59,CD,1675191407
489,norman wells,65.282,-126.8329,-12.96,77,75,10.36,CA,1675191407
490,salaya,22.3167,69.6,67.1,58,1,13.85,IN,1675191408
491,cururupu,-1.8283,-44.8683,81.25,80,100,6.42,BR,1675191408
492,santa rosa,14.3122,121.1114,75.18,81,69,10.74,PH,1675191408
493,orhangazi,40.4892,29.3089,37.11,97,100,2.86,TR,1675191409
494,fairbanks,64.8378,-147.7164,19.36,80,100,4.61,US,1675191300
495,san juan,-31.5375,-68.5364,99.54,21,12,14.61,AR,1675191409
496,campbellsville,37.3434,-85.3419,34.72,70,100,6.62,US,1675191409
497,port moresby,-9.4431,147.1797,74.62,100,40,5.75,PG,1675191410
498,nurlat,54.4277,50.8051,23.43,88,100,13.49,RU,1675191410
499,visby,57.6409,18.296,36.05,87,100,10.36,SE,1675191411
500,waseca,44.0777,-93.5074,6.85,73,6,11.39,US,1675191411
501,coihaique,-45.5752,-72.0662,72.21,30,0,4.61,CL,1675191412
502,zvishavane,-20.3267,30.0665,74.07,61,91,10.29,ZW,1675191412
503,sorland,67.667,12.6934,35.46,60,100,16.67,NO,1675191412
504,lagoa,39.05,-27.9833,56.75,67,80,12.97,PT,1675191413
505,puri,19.8,85.85,72.12,61,95,1.45,IN,1675191413
506,anapskaya,44.89,37.38,34.03,93,100,6.71,RU,1675191414
507,hot springs,34.5037,-93.0552,28.8,93,100,4.0,US,1675191246
508,fort nelson,58.8053,-122.7002,6.94,83,100,4.61,CA,1675191331
509,grand forks,47.9417,-97.4337,-1.21,65,0,6.91,US,1675191415
510,harper,4.375,-7.7169,79.97,82,6,6.06,LR,1675191358
511,jhinjhak,26.5667,79.7333,54.32,89,0,8.21,IN,1675191415
512,kieta,-6.2167,155.6333,78.67,84,100,4.16,PG,1675191415
513,vilhena,-12.7406,-60.1458,77.22,78,75,16.11,BR,1675191416
514,kabare,-2.4683,28.8242,61.23,87,37,1.86,CD,1675191416
515,cherskiy,68.75,161.3,-1.44,98,100,4.68,RU,1675191417
516,california city,35.1258,-117.9859,51.94,20,0,9.22,US,1675191417
517,bannu,32.9854,70.6027,53.78,41,11,3.0,PK,1675191418
518,lavrentiya,65.5833,-171.0,21.24,98,99,1.97,RU,1675191418
519,ewa beach,21.3156,-158.0072,75.15,86,40,4.61,US,1675191398
520,hofn,64.2539,-15.2082,31.55,63,100,20.69,IS,1675191419
521,wajir,1.7471,40.0573,91.36,38,0,0.0,KE,1675191419
522,afsin,38.2477,36.914,34.83,83,79,1.83,TR,1675191420
523,wairoa,-39.0333,177.3667,64.54,92,100,6.51,NZ,1675191421
524,arinos,-15.9169,-46.1056,83.77,58,98,4.76,BR,1675191422
525,narkevychi,49.5172,26.6418,30.94,83,100,11.68,UA,1675191422
526,wisconsin rapids,44.3836,-89.8174,11.01,55,0,10.36,US,1675191423
527,xining,36.6167,101.7667,22.89,38,5,2.1,CN,1675191423
528,biltine,14.5333,20.9167,83.43,11,0,10.76,TD,1675191423
529,ixtapa,20.7,-105.2,86.2,35,86,7.2,MX,1675191424
530,garowe,8.4054,48.4845,70.47,60,0,15.66,SO,1675191424
531,hay river,60.8156,-115.7999,-11.22,77,75,5.75,CA,1675191424
532,hualmay,-11.0964,-77.6139,76.1,70,100,8.3,PE,1675191425
533,shibetsu,43.659,145.132,14.05,84,23,5.46,JP,1675191425
534,sioux lookout,50.1001,-91.917,-3.93,65,20,3.44,CA,1675191426
535,bereda,43.2686,-7.5406,41.41,100,7,4.97,ES,1675191426
536,te anau,-45.4167,167.7167,61.0,92,100,0.63,NZ,1675191427
537,faridpur,23.6,89.8333,69.06,50,73,6.69,BD,1675191427
538,iracoubo,5.4802,-53.2011,78.76,78,41,7.63,GF,1675191427
539,mount gambier,-37.8333,140.7667,60.19,83,100,7.9,AU,1675191428
540,svirstroy,60.7999,33.7248,25.95,95,100,9.06,RU,1675191428
541,iisalmi,63.5592,27.1907,24.8,88,100,7.67,FI,1675191429
542,biograd na moru,43.9433,15.4519,45.75,65,13,4.88,HR,1675191429
543,skjervoy,70.0311,20.9714,33.8,68,100,7.43,NO,1675191429
544,baruun-urt,46.6806,113.2792,-5.96,88,4,8.75,MN,1675191430
545,graham,47.0529,-122.2943,36.91,79,100,4.61,US,1675191204
546,camrose,53.0168,-112.8353,6.33,91,100,2.13,CA,1675191430
547,cayenne,4.9333,-52.3333,80.64,83,75,10.36,GF,1675191431
548,malangwa,26.8568,85.5581,57.76,74,0,8.19,NP,1675191431
549,kassala,15.451,36.4,82.94,21,90,7.49,SD,1675191432
550,deputatskiy,69.3,139.9,-16.17,97,100,6.04,RU,1675191432
551,ambilobe,-13.2,49.05,75.7,93,65,1.83,MG,1675191158
552,abu samrah,35.3029,37.1841,47.12,70,12,17.69,SY,1675191433
553,katherine,-14.4667,132.2667,79.12,94,40,5.75,AU,1675191433
554,poznan,52.4069,16.9299,40.28,96,75,12.66,PL,1675191161
555,el dorado,38.7666,-120.5177,50.29,31,0,1.01,US,1675191434
556,faya,18.3851,42.4509,57.31,65,47,3.6,SA,1675191434
557,llangefni,53.2556,-4.3106,47.98,66,40,18.41,GB,1675191435
558,san lawrenz,36.0553,14.204,53.01,62,38,25.39,MT,1675191435
559,monrovia,6.3005,-10.7969,83.97,78,54,9.04,LR,1675191409
560,la ronge,55.1001,-105.2842,-14.55,58,20,2.3,CA,1675191436
561,lyuban,52.7985,28.0048,31.35,92,100,9.75,BY,1675191436
562,chhatapur,26.2167,87.0167,62.2,64,0,11.14,IN,1675191436
563,shingu,33.7333,135.9833,35.92,72,2,5.77,JP,1675191437
564,piacabucu,-10.4056,-36.4344,82.49,64,100,9.66,BR,1675191437
565,marivan,35.5219,46.176,34.93,94,99,2.98,IR,1675191438
566,korla,41.7597,86.1469,20.08,81,90,4.05,CN,1675191438
567,ishigaki,24.3448,124.1572,66.33,68,75,6.91,JP,1675191439
568,andenes,69.3143,16.1194,33.78,80,20,8.05,NO,1675191439
569,makakilo city,21.3469,-158.0858,73.72,84,40,4.61,US,1675191440
570,cam ranh,11.9214,109.1591,75.16,73,75,8.05,VN,1675191440
571,muskegon,43.3,-86.1334,18.81,74,100,9.22,US,1675191441
